consumer_id,consumer_name,meter_number,area,day_1,day_2,day_3,day_4,day_5,day_6,day_7,day_8,day_9,day_10,day_11,day_12,day_13,day_14,day_15,day_16,day_17,day_18,day_19,day_20,day_21,day_22,day_23,day_24,day_25,day_26,day_27,day_28,day_29,day_30
CUST-1000,User 1,MTR-5000,Feeder-1,19.4901424590337,17.585207096486446,19.94306561430208,22.569089569224076,17.29753987582999,17.29758912915246,22.737638446522176,20.302304187458727,16.591576842195146,19.627680130757895,16.609746921562614,16.60281073928923,18.725886814698104,12.260159266026607,12.825246502460901,16.313137412277083,14.961506638996728,18.94274199778582,15.275927773436367,13.763088895994127,22.39694630676466,17.322671098540393,18.20258461406377,13.72575544135963,16.36685182642445,18.3327677691296,14.547019267733091,19.127094055037016,16.198083930243584,17.124918750620168
CUST-1001,User 2,MTR-5001,Feeder-2,16.194880163311808,23.556834553526812,17.9595083257862,14.8268672131323,20.467634736309567,14.337469050086934,18.626590785014265,12.120989628360674,14.015441853304708,18.590583707607372,20.215399739986232,18.51410484356991,17.65305515283528,17.096688913232132,13.564434028897718,15.840467374815875,16.618083687120638,21.171366678656746,19.030854868705383,12.710879533911799,18.972251908184386,16.84475315875105,15.969233999082125,19.835028866522602,21.092998567487854,20.793840357348596,15.482347430332084,17.072362872446355,18.99379029421069,20.926635381367078
CUST-1002,User 3,MTR-5002,Feeder-1,16.56247728646413,17.44302307000855,14.680995077981915,14.411380127757987,20.437577467182592,22.06872008571247,17.783969635258998,21.010598693676073,19.084908075142902,16.06464073618463,19.084186816525243,22.614109699397908,17.892521882670145,22.693930967442018,10.140764687730767,20.465707513125672,18.261141204714512,17.102977948602398,18.275282329606508,12.037293256197321,17.340984336487463,19.07133771453524,22.433682134224547,16.44518934517906,15.574519191320437,16.49472886924639,20.746206353106224,18.986253328979053,16.410719388698883,19.539802299340067
CUST-1003,User 4,MTR-5003,Feeder-2,18.291232648044122,20.90593497159867,15.893840718367944,17.017013560206696,16.823675540603528,13.609455155603644,18.88836083119373,18.783165816539668,18.015340369927383,17.29623859987456,13.753887773848756,16.738064031703924,16.971856450419693,15.593168192335144,17.516142865001974,19.212152570443614,23.65855770363159,18.523733438495515,18.772651172168292,17.7766622527015,12.243686354102875,17.920458373652348,18.18069062982308,25.38972633745586,17.422917105656634,18.904642027000836,17.89586469088427,14.493965887141403,21.42846844354506,20.255799098060322
CUST-1004,User 5,MTR-5004,Feeder-1,20.373095841129143,15.271837635615784,22.2083829328083,13.794446811623157,19.76057128140081,24.571366877429938,15.028391024607934,16.301106811191683,18.298954095262925,16.489573037651404,13.348009706801601,18.205688924418084,14.813088858821686,19.420777291905544,15.24172729729859,22.649803215052618,15.650240122991288,17.033815451382974,20.440551652109008,14.307407050698135,18.68237980381239,21.921428262847286,13.177550296316317,18.553901575596914,18.779648382745272,20.34546861533193,14.289147867365754,14.038630160747172,19.565824696850694,18.890954019699556
CUST-1005,User 6,MTR-5005,Feeder-2,18.75147855103763,19.039344628490927,15.959925835264528,18.696761091483012,18.879217419896044,15.856945745920896,23.59732353343427,19.42149876273536,14.426089508392053,19.96966082590149,15.075954989318035,20.361253811227357,21.47578673702221,15.537953044944869,20.890128387732965,19.238342780809496,20.46618047998347,23.690378947961843,17.26383565199139,15.73879150692753,15.33145671112343,15.552569145103686,17.76869487175769,19.02345592444993,18.830072397990058,20.481549747108073,18.03900567563372,22.36060223147195,17.20602950028613,26.160507499768855
CUST-1006,User 7,MTR-5006,Feeder-1,19.87700204329502,15.428527330751152,14.787322505816663,19.447417245729557,17.329611644022446,20.142001482276275,19.419712873720634,17.78151326202938,15.459618845794786,13.455458325942406,16.660455143798938,20.569196382970418,18.642281232390612,14.262783663864036,18.519542777553546,19.15595213918651,15.348427691396601,18.461175317836584,18.174626155338,14.571089106508131,19.07336208104485,19.682353579104703,21.24915372952583,21.16140615610471,13.866991896128727,15.186524880254632,19.54510580162598,19.541357852736628,19.545143058918143,29.558194471964164
CUST-1007,User 8,MTR-5007,Feeder-2,19.7126715320795,21.406696920541798,20.86200529047961,19.954173753917395,17.054192266078964,20.276907661479804,15.681524356387285,17.289544179779973,16.54390935651269,18.245622418158966,24.943975700020527,12.398204422224756,20.058780571123542,13.161852386431045,16.5842044026317,21.2668517909021,18.19284005728639,14.76676566621208,15.854088872220096,20.038793246804026,15.80890010484859,18.649375768745923,18.13671551971144,16.04519895718255,24.431832267975977,19.901757066954033,11.924572240027178,18.559362944308283,16.014640605694836,20.557300004388672
CUST-1008,User 9,MTR-5008,Feeder-1,15.622437784701898,17.655790675599302,19.51496183694137,20.597265582510364,14.399110778832672,16.996496292477154,16.575164066517132,16.040012302278864,23.29636272084329,19.214945132882868,14.217348136994865,20.753585841164327,24.3664685910379,21.09739578165344,13.44189010213796,16.547297781401245,21.800733447559868,15.876991603143658,19.331458284438686,20.32390216028801,15.21920858526575,17.8214239318146,8.276197979792782,14.926837075997131,17.242295545820518,14.25665045410545,22.897233911794906,13.7095758661181,16.67986653990905,18.392221731858275
CUST-1009,User 10,MTR-5009,Feeder-2,22.323819867198345,13.692413546461681,21.48949125646488,18.03069918305876,15.055474046856148,19.386310422789812,18.59717908672041,16.199349368523617,18.209406254970055,16.84405920941472,18.340552035753745,19.98639202356314,22.758050448436055,14.286553503519453,24.3991001239688,12.143736601432494,17.54464471489325,19.76495161945373,18.842975603205097,16.13190144053822,17.375633248928175,16.5209971960235,16.231905729167366,20.548806291063073,19.071046457895143,15.921271214218038,20.698799626299753,18.921898562629828,20.43858635651688,19.888886525770836
CUST-1010,User 11,MTR-5010,Feeder-1,15.513014967233783,16.319456879409092,20.241880815369786,19.831110796300393,17.937295218107554,18.351982149926346,21.832994687365275,16.22528583349251,19.641292143510114,17.39342204269832,17.34695639031834,21.29633055596157,20.47624904696409,20.440528908001916,21.916436421462986,18.063011524898275,20.045858913884892,17.069199730219633,18.972499057465328,17.609570836896946,18.290987894978155,19.785471076310742,15.545337950299583,24.277161827056382,14.981947855500895,14.357434161636803,21.474332620500203,20.37498808188881,19.872359451156466,19.88503652779284
CUST-1011,User 12,MTR-5011,Feeder-2,17.963259681459256,15.308236885542506,18.22741367458118,15.968514865463664,20.925359200253254,17.558827855493583,15.523508409622465,17.03584247504102,19.238794362826873,16.308826341588077,15.533338813300706,18.731061634475736,18.73489971332617,16.47917047388661,16.58688508314503,18.69614981207291,13.655746975508027,13.777608676870335,15.844667336242692,17.35965854486446,18.932722696794013,22.426068650848656,20.572978869606057,17.520184410109717,17.942951376291933,14.992411906086573,17.944460592022832,17.134024083239584,18.968155681014267,15.518307169343032
CUST-1012,User 13,MTR-5012,Feeder-1,19.558039542723517,22.598216739007732,17.67371955462943,19.205135166296824,20.07043197513334,16.796338584342493,18.67227744543125,18.037777202345385,18.293028295646494,15.6809706484336,18.073530522776828,19.493994873736348,22.353430823385125,20.87781247825562,24.45954737253467,15.697957311335852,20.616961910162033,18.550026017215057,24.56940879965302,15.575105143934547,15.480834473457673,16.201822063667933,11.62831282707058,16.422734934957717,15.722602015338907,18.451181359428624,19.025267927331477,23.628512517647657,20.85127151455815,16.26928903301279
CUST-1013,User 14,MTR-5013,Feeder-2,15.304755985954927,19.47575751451952,14.039300378938073,23.49437629756306,21.538320362163862,16.592473043685885,12.860596412727368,22.061617122496237,17.656380464242147,21.713448935920386,13.216717023616898,16.201874931138683,18.01573109915455,18.140941781294227,16.649803585562267,19.868549797042498,14.797138711852217,17.57286154493612,18.360886895135696,19.543316502176246,20.13484463426667,14.626073724486393,13.397657487793133,21.83303046569553,18.996942035938776,15.75454039033034,22.653455926567567,18.347023902878576,21.53789155219148,18.202555444230327
CUST-1014,User 15,MTR-5014,Feeder-1,24.18224377464596,23.266022527329614,17.253107554562778,20.914712852863065,19.936127848755444,22.105894672597046,15.105229618259687,20.05815437999532,21.175273460548762,12.723781540730657,14.450224462002675,11.882303466719698,17.191779496666328,20.152626767387886,22.507071156288085,18.222284341259325,22.885846636713875,13.859695625355325,12.889852681934535,17.833356903310143,19.152196346817924,17.90191575571772,11.79767369988037,17.732639881461633,14.08659149848544,20.009017646490115,19.099794738290544,15.180360641017934,16.45839924798992,14.822359434333144
CUST-1015,User 16,MTR-5015,Feeder-2,17.811962708180484,20.865426961503715,15.042821860993369,19.512139546553534,16.409227144882678,15.621381503212968,17.678908920136326,14.894273032741879,16.339052083958453,14.406366322233454,23.89417539874917,18.105790655915186,15.900823476022243,18.641939732202665,17.66301585092751,17.33709120140033,19.842500100130277,20.272523130141916,16.40849655716842,16.27254527806596,17.17484490854507,11.094236505793246,13.454426813404343,22.100622802333575,22.93490314050385,17.252891881330864,19.7296708891673,18.93375046363061,27.236642425365712,21.35872473430373
CUST-1016,User 17,MTR-5016,Feeder-1,17.6162472255577,15.133378678198723,13.180661039227282,18.61039090760167,15.73094776414709,13.733238871206979,16.060281347272422,14.755355989156815,23.061424905217695,20.64491927084835,17.976082076050147,22.43983241667008,18.232104922942856,15.416147396015209,22.56937223180897,19.616730131053977,14.88826153702063,17.428983965749175,15.373145239845728,13.851600807106992,20.778532642594925,23.72824992141039,13.804297278542577,19.688907710071714,16.04807229263452,16.53862384870591,16.222818227283394,15.408027690960552,18.14556488383448,15.507149650766888
CUST-1017,User 18,MTR-5017,Feeder-2,18.811370477339516,17.849285671652588,17.28315585940077,15.277309013875207,16.269686008295,20.26617367747727,19.502751562873144,15.067334265604346,18.297996916287676,20.254161370115366,12.991784156635884,19.630080577139804,16.01212872316246,19.711796005779476,15.71022253037245,12.585353698006443,13.117372686350512,18.144254839984146,18.779167505164445,15.287050124686775,19.915777376332123,13.01543981319312,17.80176060405805,14.36695140071263,16.044491676593523,18.142196013949242,15.418759904148143,16.846333367310525,21.018878427643322,16.269324391430555
CUST-1018,User 19,MTR-5018,Feeder-1,20.507076336195425,14.610879436027146,19.589412533745847,22.3247058619737,10.585066499618133,15.60931423358857,19.73121638154162,17.39086384187102,19.113437620113928,16.18804443985254,18.259769362418698,17.53296829382376,21.50334618497942,18.76326252990364,19.012807986225607,16.764369101632596,16.53718132778252,16.702325436541138,19.18335642713489,16.737046557539212,18.869324570689237,24.226202395936316,20.613374110295076,17.021929403496475,21.603641766491833,16.775773880935347,11.885626394466438,14.975741067247789,12.387624236922433,16.945459547876073
CUST-1019,User 20,MTR-5019,Feeder-2,18.055255137568654,23.02931193682585,18.98078212129249,17.34269841357341,20.488216743550467,11.366594072976344,18.706843674325697,20.3125955816609,13.564241262660476,21.431262129620787,19.015489222483243,16.754136258297596,19.898345598318855,24.81207857341319,18.545598765175484,18.744661758901007,16.621917301379266,15.450466891605625,20.491007449632736,15.431748522273399,18.214698711658176,16.56702765970465,19.436939477239175,19.000986315860846,21.112619832773696,16.469950803435758,17.190375194119888,15.063708852653079,16.667120219771665,19.131901479134555
CUST-1020,User 21,MTR-5020,Feeder-1,20.270965849936054,15.233504027467124,20.60881776031698,22.066913576414855,19.240304709671104,23.630387437674198,15.678632402689281,14.266035890065748,12.663839253287165,22.48813293446755,19.963096969062175,17.833245987268636,18.83990587895946,14.62353285810487,25.33725593885048,18.387663545925683,18.32818438381468,20.177299871696075,19.44302769521014,18.671652072837393,15.628576633664064,19.414405071407987,23.6460734894251,22.036260138464932,22.77955987991819,16.466352970706446,15.031185539224257,17.622639239701055,18.167174736866084,21.282574555412847
CUST-1021,User 22,MTR-5021,Feeder-2,12.922606110855542,22.58865095838184,17.525976304263033,16.71935679015774,14.963686874219498,13.035429984402692,20.469511751885744,18.219953901565212,14.130117300776838,14.114763683809151,16.992645902129617,23.007064575868178,17.221225945909186,13.490571140645681,17.262770807742168,17.181829290756987,9.909340071175285,17.837115400446564,17.307196409373965,20.088619094440254,23.546868284836037,21.379695088643274,17.19333392833551,14.680422273774989,25.72007940974958,18.177655302043465,18.041787875738837,17.92762473866999,18.594254282303567,17.566918764228173
CUST-1022,User 23,MTR-5022,Feeder-1,16.27901397935929,16.359423176278824,17.901740189352005,16.369725686598706,15.861462651968507,18.31929068307569,17.235068347737435,22.511978965748064,10.047090574820963,21.274520555767385,21.738255577492886,11.779829302775552,16.971937217758953,16.885677402012625,13.777464915846537,15.666549937227375,14.668272463602513,23.256811330270867,20.807035179442384,21.814665284982475,20.165016192129706,14.612844686348312,16.42643920116068,19.468123683683753,14.333616573324164,20.138995290517165,17.279023805525593,16.875537577351206,20.132879904610476,19.33278993445812
CUST-1023,User 24,MTR-5023,Feeder-2,16.91710150254276,21.477989410092743,14.756810017200308,19.84780682083279,19.779303773905152,17.071360682058028,18.978399066726354,14.246659270844091,20.772081057620703,17.44529359067103,16.431830938442882,21.147027677510668,15.886968928371722,13.77461611090932,13.330112479428289,19.81802985403692,14.15871194251115,23.264382545953094,11.754211776348834,23.089369104870116,18.633052401607856,17.709860664388824,16.36524273957315,19.197408343056214,17.887095892725455,21.309905646049565,18.34268294598612,18.450905284385634,16.90916336335843,17.829163128836797
CUST-1024,User 25,MTR-5024,Feeder-1,18.923405306676177,12.869494822030124,13.955443733682861,20.229792282068146,18.512596314383824,17.448049990941964,18.05530179919618,19.042745116085012,16.380720959071915,15.665085823793062,18.587535765293044,15.064881667154904,19.224758267143415,12.89224918728648,21.087466911976932,19.41779244723913,18.768089202941628,20.948072951836544,22.99642333338773,21.043110195054393,12.477377306005064,14.161269099792896,16.125544266912964,18.0782731506325,19.55297706140737,15.822768560539604,18.560300293431236,15.733851202940032,16.165446591024157,13.780016709455333
